"","sp","edge","hmin","hmax"
"1",7,7,0.0473075047994539,0.0473075047994539
"2",13,13,0.315277171966719,0.315277171966719
"3",33,33,0.493720002108698,0.493720002108698
